U_AC_1_1,U_DC_1_1,Phase_1_1,U_AC_2_1,U_DC_2_1,Phase_2_1,U_AC_3_1,U_DC_3_1,Phase_3_1,U_AC_4_1,U_DC_4_1,Phase_4_1
4.9075973142086035e-06,4.977155973381626e-06,-0.4134706483188537,6.811776016546112e-07,6.939161471186805e-07,-0.5339481391717016,9.470140669115669e-08,9.700183668342383e-08,-0.6628082443781649,1.629608468166223e-08,1.6718920265706513e-08,-0.7774802817909842
