U_AC_1_1,U_DC_1_1,Phase_1_1,U_AC_2_1,U_DC_2_1,Phase_2_1,U_AC_3_1,U_DC_3_1,Phase_3_1,U_AC_4_1,U_DC_4_1,Phase_4_1
0.9657153795021544,0.9999999970830054,-0.5490388455323891,0.954819524401111,1.0000000002310945,-0.7132788872091542,0.9430866059737175,1.0000000003244602,-0.8864409789112484,0.9309237968303707,0.9999999962961498,-1.050736845470295
