U_AC_1_1,U_DC_1_1,Phase_1_1,U_AC_2_1,U_DC_2_1,Phase_2_1,U_AC_3_1,U_DC_3_1,Phase_3_1,U_AC_4_1,U_DC_4_1,Phase_4_1
0.9655900973714658,1.0000000019026851,-0.5500108832565189,0.9544818254333882,0.9999999997537529,-0.7145403557310369,0.9431374397645962,1.000000000532886,-0.8925388143537644,0.9316244511179285,1.0000000022687447,-1.0450479893760074
