U_AC_1_1,U_DC_1_1,Phase_1_1,U_AC_1_2,U_DC_1_2,Phase_1_2,U_AC_2_1,U_DC_2_1,Phase_2_1,U_AC_2_2,U_DC_2_2,Phase_2_2,U_AC_3_1,U_DC_3_1,Phase_3_1,U_AC_3_2,U_DC_3_2,Phase_3_2,U_AC_4_1,U_DC_4_1,Phase_4_1,U_AC_4_2,U_DC_4_2,Phase_4_2
9.439110030286518e-06,9.586152355264272e-06,-0.42292001885407665,1.5225342729920674e-05,1.5366601879570406e-05,-0.32374534323957593,1.4530519987235631e-06,1.4829769159361758e-06,-0.5405388213942528,2.503988022938845e-06,2.534891547315507e-06,-0.41426554330263266,2.4722530098967337e-07,2.533981966003297e-07,-0.6629881534046553,4.418495154017668e-07,4.485315484108766e-07,-0.5089892351764104,4.0238317106713636e-08,4.14582966644347e-08,-0.7951589407199064,8.49749263590534e-08,8.645309120277315e-08,-0.603597601716441
