U_AC_1_1,U_DC_1_1,Phase_1_1,U_AC_1_2,U_DC_1_2,Phase_1_2,U_AC_2_1,U_DC_2_1,Phase_2_1,U_AC_2_2,U_DC_2_2,Phase_2_2,U_AC_3_1,U_DC_3_1,Phase_3_1,U_AC_3_2,U_DC_3_2,Phase_3_2,U_AC_4_1,U_DC_4_1,Phase_4_1,U_AC_4_2,U_DC_4_2,Phase_4_2
9.182143919166157e-06,9.344045618922823e-06,-0.43561543374474043,1.3133604253361836e-05,1.3273177074862426e-05,-0.335441487365338,1.5320008090792558e-06,1.5677522151919667e-06,-0.5584844936772231,2.245777047559371e-06,2.2763225969104867e-06,-0.43371706050653486,2.838716282052434e-07,2.9233632981617565e-07,-0.6660182460422155,4.0510074238212154e-07,4.1228361729253043e-07,-0.5300770903625402,4.5444218010168124e-08,4.7006945175464474e-08,-0.8357193785810245,8.321386643947265e-08,8.496587747803016e-08,-0.6197955335749923
