U_AC_1_1,U_DC_1_1,Phase_1_1,U_AC_1_2,U_DC_1_2,Phase_1_2,U_AC_2_1,U_DC_2_1,Phase_2_1,U_AC_2_2,U_DC_2_2,Phase_2_2,U_AC_3_1,U_DC_3_1,Phase_3_1,U_AC_3_2,U_DC_3_2,Phase_3_2,U_AC_4_1,U_DC_4_1,Phase_4_1,U_AC_4_2,U_DC_4_2,Phase_4_2
1.2157019123117922e-05,1.2373278987667153e-05,-0.4379184027126703,1.7974306709833466e-05,1.8163389395994414e-05,-0.3384325839252874,1.99028489353377e-06,2.0365615632940375e-06,-0.5653866874589265,3.1087691844475915e-06,3.1521281748851556e-06,-0.43495780797929734,3.641012106572081e-07,3.7485831277418205e-07,-0.6782615420516734,6.019791293485702e-07,6.120400319279197e-07,-0.5286732525712534,6.987919422736315e-08,7.214301404109258e-08,-0.8243881031240886,1.199440056414852e-07,1.2262199089714912e-07,-0.6080962680208579
