U_AC_1_1,U_DC_1_1,Phase_1_1,U_AC_1_2,U_DC_1_2,Phase_1_2,U_AC_2_1,U_DC_2_1,Phase_2_1,U_AC_2_2,U_DC_2_2,Phase_2_2,U_AC_3_1,U_DC_3_1,Phase_3_1,U_AC_3_2,U_DC_3_2,Phase_3_2,U_AC_4_1,U_DC_4_1,Phase_4_1,U_AC_4_2,U_DC_4_2,Phase_4_2
5.807845050818572e-06,5.891845161527961e-06,-0.4095767625890952,9.802751983303223e-06,9.887214641778696e-06,-0.3131018633598198,8.544759811924866e-07,8.710832499022849e-07,-0.5230770606549154,1.5192684166556831e-06,1.5367245099979587e-06,-0.40296458516193895,1.410802175295437e-07,1.4443180426594054e-07,-0.6330757354707636,2.585528418941865e-07,2.6212147235621527e-07,-0.4930951761472574,2.0688270393675774e-08,2.122677876609904e-08,-0.7819654102313719,4.734972750649329e-08,4.820587826734646e-08,-0.57159009307955
