U_AC_1_1,U_DC_1_1,Phase_1_1,U_AC_1_2,U_DC_1_2,Phase_1_2,U_AC_2_1,U_DC_2_1,Phase_2_1,U_AC_2_2,U_DC_2_2,Phase_2_2,U_AC_3_1,U_DC_3_1,Phase_3_1,U_AC_3_2,U_DC_3_2,Phase_3_2,U_AC_4_1,U_DC_4_1,Phase_4_1,U_AC_4_2,U_DC_4_2,Phase_4_2
7.357508777284696e-06,7.4741787283689035e-06,-0.4204977400119054,1.1344684589130818e-05,1.145086844045092e-05,-0.32389809085856514,1.147936687321661e-06,1.172098276205378e-06,-0.5390299871734,1.7928160245513068e-06,1.8149306927970147e-06,-0.4218192607870612,1.9878293377261092e-07,2.0385237650786945e-07,-0.6569952309720566,3.2772782251403864e-07,3.3278748236968354e-07,-0.511694322440009,2.7567449896411274e-08,2.8342516308444525e-08,-0.8439202415340011,6.067010015140532e-08,6.17470521312826e-08,-0.6069878782422967
