U_AC_1_1,U_DC_1_1,Phase_1_1,U_AC_1_2,U_DC_1_2,Phase_1_2,U_AC_2_1,U_DC_2_1,Phase_2_1,U_AC_2_2,U_DC_2_2,Phase_2_2,U_AC_3_1,U_DC_3_1,Phase_3_1,U_AC_3_2,U_DC_3_2,Phase_3_2,U_AC_4_1,U_DC_4_1,Phase_4_1,U_AC_4_2,U_DC_4_2,Phase_4_2
1.1780760122851363e-05,1.1990297580082299e-05,-0.43645980850887367,1.634223789514999e-05,1.6511885543582245e-05,-0.3412550289145814,1.9484281446264324e-06,1.9934585330007834e-06,-0.5606518057542819,2.739608963756963e-06,2.7778393848536335e-06,-0.43623954962261186,3.665030371618393e-07,3.770594059501143e-07,-0.6745951089793336,5.112966561297224e-07,5.197426779445217e-07,-0.5362432455402644,6.635130752914582e-08,6.852700211719986e-08,-0.8132738244304354,8.997177728029317e-08,9.183551002089692e-08,-0.6490538085618571
