U_AC_1_1,U_DC_1_1,Phase_1_1,U_AC_1_2,U_DC_1_2,Phase_1_2,U_AC_2_1,U_DC_2_1,Phase_2_1,U_AC_2_2,U_DC_2_2,Phase_2_2,U_AC_3_1,U_DC_3_1,Phase_3_1,U_AC_3_2,U_DC_3_2,Phase_3_2,U_AC_4_1,U_DC_4_1,Phase_4_1,U_AC_4_2,U_DC_4_2,Phase_4_2
5.7704356007541425e-06,5.852325044909666e-06,-0.4091301007165508,9.33923796497045e-06,9.418342740965145e-06,-0.31598533484899505,8.156372911380703e-07,8.309694596113833e-07,-0.5261231502056696,1.4177546655985255e-06,1.4333074321621841e-06,-0.4092798513895404,1.4096568816250653e-07,1.443970333585893e-07,-0.6223956433313799,2.3626206989209315e-07,2.3943445033382126e-07,-0.5013755723900927,2.0187080691187464e-08,2.065306792369909e-08,-0.7949490227451854,4.119272004419003e-08,4.191447530828315e-08,-0.5858571287606431
