U_AC_1_1,U_DC_1_1,Phase_1_1,U_AC_1_2,U_DC_1_2,Phase_1_2,U_AC_2_1,U_DC_2_1,Phase_2_1,U_AC_2_2,U_DC_2_2,Phase_2_2,U_AC_3_1,U_DC_3_1,Phase_3_1,U_AC_3_2,U_DC_3_2,Phase_3_2,U_AC_4_1,U_DC_4_1,Phase_4_1,U_AC_4_2,U_DC_4_2,Phase_4_2
9.792670121144063e-06,9.971287733591317e-06,-0.43835172542599443,1.460273318580555e-05,1.4758684263608979e-05,-0.336752395666882,1.6888414452049423e-06,1.7286710480908134e-06,-0.5610944429809591,2.550531426308632e-06,2.58696547822368e-06,-0.43267840340715025,3.0739709932967843e-07,3.162203773633495e-07,-0.6912007614379552,4.827351220927559e-07,4.912727698476156e-07,-0.528184840717238,5.3067330003867434e-08,5.490076544665406e-08,-0.8470778722925192,9.49096345366175e-08,9.693629833105786e-08,-0.629815293620137
