U_AC_1_1,U_DC_1_1,Phase_1_1,U_AC_1_2,U_DC_1_2,Phase_1_2,U_AC_2_1,U_DC_2_1,Phase_2_1,U_AC_2_2,U_DC_2_2,Phase_2_2,U_AC_3_1,U_DC_3_1,Phase_3_1,U_AC_3_2,U_DC_3_2,Phase_3_2,U_AC_4_1,U_DC_4_1,Phase_4_1,U_AC_4_2,U_DC_4_2,Phase_4_2
7.66526112638328e-06,7.789363487982787e-06,-0.42215603101590854,1.188777904063274e-05,1.2002028241524268e-05,-0.32335657378334887,1.199904703380993e-06,1.22520392004768e-06,-0.544112618884763,1.9627314668627393e-06,1.987094201010393e-06,-0.41987011667667884,2.031643341775525e-07,2.0835234028384053e-07,-0.6682865541509259,3.3509877254669266e-07,3.402584424102179e-07,-0.5161668817691399,3.347259996219236e-08,3.4565895954171236e-08,-0.8000885355986217,6.479257494419119e-08,6.60529353692597e-08,-0.5985236374611992
