U_AC_1_1,U_DC_1_1,Phase_1_1,U_AC_1_2,U_DC_1_2,Phase_1_2,U_AC_2_1,U_DC_2_1,Phase_2_1,U_AC_2_2,U_DC_2_2,Phase_2_2,U_AC_3_1,U_DC_3_1,Phase_3_1,U_AC_3_2,U_DC_3_2,Phase_3_2,U_AC_4_1,U_DC_4_1,Phase_4_1,U_AC_4_2,U_DC_4_2,Phase_4_2
9.867490281077618e-06,1.0026159679904123e-05,-0.42661556722112626,1.4846051918545351e-05,1.4989596328732688e-05,-0.33063808060032696,1.547126009154511e-06,1.5793628347892693e-06,-0.5468376499908495,2.456222782522528e-06,2.487280815395367e-06,-0.4253968792561238,2.703878927484737e-07,2.7749327373133856e-07,-0.6661968827084811,4.2284668659974316e-07,4.294566674783382e-07,-0.5223692592066623,4.9843758414619486e-08,5.134583525424742e-08,-0.7809512600707982,8.257996938657985e-08,8.409049625345018e-08,-0.6071531842296433
